datapoint_id,influence_score
27111,-0.12866166061394155
37068,-0.12216064111858198
25332,-0.2539026104998254
28408,0.11866021234328154
24457,-0.12030750279212715
32639,0.12473154131514405
27164,-0.09079595031528333
26223,-0.21831820034144908
33998,0.12356298032732713
31648,0.11754417714227341
26000,-0.2849374791944839
29659,-0.01470669974841559
36897,-0.07067705603359052
23989,0.02429804170018563
13811,0.12622672527176923
27165,-0.06048125469639447
32806,0.11997401095045875
29247,0.1191371505017352
39479,0.033500500346885204
36994,-0.07483416472343311
34662,0.11387432545222953
29266,0.12461241902424586
26214,-0.188635858741503
40405,0.12383181059120278
33407,0.12150769695168895
26081,-0.10959094946653923
24199,0.03336576428404104
36696,-0.04081579580222258
26227,-0.10375961739356737
34970,0.033239517178228886
28213,0.12919766444094904
30576,0.12003217924785645
37024,-0.15466503675329013
29173,0.12326036240418477
28263,0.12302823588434372
12367,-0.15059436430873804
33247,0.1258847540332997
26208,-0.0473984308979553
27177,-0.08215231246511481
10956,-0.11076991534014335
27782,0.12149841923103596
36212,0.10876899656391371
36359,0.11897115175416283
28001,0.12284927558308185
40302,0.07520617372598336
37136,-0.2224775345569865
20220,0.11110713476611785
26992,-0.004797632322466908
32539,0.12200840449127658
40446,0.08040780069821121
35622,0.11918737299196125
17141,0.1108124983818973
25306,-0.01900243485021452
40167,0.12487753692550276
27803,0.12476446173333453
37156,-0.19047224307267863
28653,0.12180170262903464
12612,0.10704488776658236
36321,0.12265784458082632
27693,0.11370232257831614
27412,0.12332106428475233
37011,-0.07397747144576768
26461,-0.11729134643359258
24227,0.04103115629915099
37005,-0.14840251559023793
40296,0.09120248874492964
29294,0.12105399022031019
19814,0.010044867964695718
29060,0.12416759473650044
24312,0.08486789512053884
26982,-0.11587094215863476
27768,0.12736341196655976
25582,-0.15976978998349375
19338,0.06705813832506838
25280,-0.07820244601084247
25272,-0.012560164294930655
31289,0.11782393450361225
26065,-0.2426108294096404
40537,0.11843518413602967
39072,-0.03422860646504771
25550,-0.010397522017640779
40339,0.11881489845457592
31713,0.1177767477598287
26176,-0.0554147895933553
27163,-0.23701017214685338
38065,0.0839050146569668
34932,0.12186776368703363
34732,0.08608284361620246
27639,0.12403624955219522
25291,-0.02938643501098556
25956,-0.19972994178802442
40369,0.11016911618584488
25116,-0.054975046765276384
33261,0.122409001782362
24125,0.017387978906668534
25305,-0.007891901776648644
23117,-0.026774244925549417
37261,-0.218164782405746
25098,-0.12326151039658538
26940,-0.10850712365990375
28286,0.12032636348996005
26108,-0.1024771761448053
40356,0.12668494897919622
26164,-0.28029843860388376
37239,0.03406105515656229
27195,-0.1538841769199975
30481,-0.04484438973857369
14604,-0.008090440198535722
27222,-0.11208072647874608
21125,0.12590322571113793
24667,-0.29380514733720353
30553,0.11249562984394312
25185,-0.03878624227980638
27104,-0.08270768651495065
19674,0.10039942690332469
27185,-0.12091300624857369
37252,-0.122704560634792
32877,0.12111863638575207
28310,0.11732478698332532
26888,-0.11210146415125025
27610,0.12180967425911216
28108,0.11171244333042583
16260,0.11635720932142017
24552,-0.11363770083589263
26128,-0.07221369249476493
28027,0.12356906113300987
40468,0.10594421595731915
31513,0.029507928435903573
13068,0.11829259685217018
33964,0.1233023357147507
36235,0.11192284684835753
24047,-0.06888727019065143
38981,-0.16861873763130455
31426,0.09458941043128162
28118,0.10425477445022409
26873,-0.08862063266966357
40409,0.12677402749024097
28749,0.12243646090614066
20133,0.1013871506577404
25030,0.09512758656447834
34041,0.11333263759083627
37130,-0.2108291155612928
36221,-0.03701302239957803
39100,-0.19011513181107367
28106,0.11650225115165427
37126,-0.15189137761844165
26511,-0.05213468952438594
37135,-0.12743008507606474
24427,-0.30583847749049514
18184,0.12019898448731008
12789,-0.26276095922694837
31483,0.1245687836496299
36504,-0.21013407541871781
19947,0.050253902651660014
25435,-0.142132472897064
25760,-0.1463096220587977
35591,0.11955098255488336
25965,-0.10116225145132071
24553,-0.19012296731197056
39292,-0.0030923597055143854
31486,0.11254283493200469
40100,0.11800107289207991
25819,-0.15400024657913014
14075,0.12061742675987411
12512,-0.19602427403298295
18871,0.11751187913677572
24774,-0.10110867830252804
28859,0.08883603645470328
15647,0.11837268588586658
26799,-0.21051365850400938
30120,0.12062134324424426
29074,0.12338196162940451
35815,-0.025747801783094732
26148,-0.10467901714373395
24727,-0.3052154031769591
28763,0.007305819504356632
35745,0.1237896638184381
27609,0.1182383613002354
25000,-0.21298276342502379
27389,0.11981400200617572
25037,0.026023051644878045
29287,0.11831706126638711
25614,-0.23259810153593202
17433,0.11842164609224011
26137,-0.09593926212416663
35891,0.11961825793440645
27428,0.11893552745303855
32046,0.12534044464843994
25119,-0.11901525974703783
25475,-0.044164237504607996
16079,0.023973667964521855
25983,-0.06519166888697484
25928,-0.10325667843453479
32168,0.12307846437874281
36921,-0.17695530939041185
28360,0.11889204669162788
16104,0.11733707844317304
25958,-0.14057575059951538
26352,-0.08302442853318
24986,-0.38207642655706914
27624,0.12606424443898095
33554,0.12315750929226923
26266,-0.1264665693807253
26886,-0.15583504014293303
24619,-0.2166231506351092
19623,0.1185091024797182
21904,0.07901851964497437
39080,-0.42534877975096824
12248,-0.10560653585953908
36241,0.12152924318597128
25103,-0.03783946784644612
26928,-0.05395376365752729
22754,0.017073411273614825
37031,-0.11441199609691835
36785,-0.09066672350072685
28067,0.08737111781758719
19426,-0.1449734911268153
35696,0.12002631552823431
37001,-0.17214796787444772
37229,-0.8829428561068211
40568,0.06572896961594932
39175,-0.038980202157315985
36863,-0.0981580003359284
31531,0.11554081186562634
36561,-0.21411447976556722
36955,-0.031822467921258354
35226,0.11764150634731872
16005,0.09621483789895206
24752,-0.08271258631643404
39063,-0.13261963720356415
26367,-0.05511507850066609
13323,0.12340151303023336
36918,-0.2060172615705701
19823,0.11970826596533635
26030,-0.2084072442889787
37223,-0.1920651940471689
37194,-0.060313340723699746
25987,-0.10047323333058221
27084,-0.1205346837933472
26422,-0.09312853247612292
17611,0.10706890963975738
25264,-0.14558515913655917
37542,0.06360975528278742
25179,-0.03902100031418108
24604,-0.053574559479958574
26071,-0.10943949459974395
31664,0.11942963851773998
33372,0.12521082340204268
32039,0.0692795654785568
37219,0.018106638402825663
36642,-0.1795528064888116
33334,0.12487174916038972
24072,0.05147619413995013
37033,-0.11594185881507889
33002,0.12378054647872791
20829,0.12286810362767725
34648,0.11085826754146622
25053,0.06591544456379338
26072,-0.21242537563307576
25108,-0.07468826915489957
27090,0.007715262986113073
24123,0.07132829855386703
24411,-0.19734375827621767
26348,0.0004977839282521328
26125,-0.0464095351920658
39971,-0.18067037767058863
34517,0.09704430597210857
38056,-0.033163646342111476
19896,0.11791282052927149
7178,-0.27623764176973215
25931,-0.10828430756180484
24294,0.06355521928004843
36608,-0.0969436447454985
24508,-0.12446057775249102
27191,-0.15378755529585508
37035,-0.049117222938770716
26053,-0.11277432328868482
19890,0.08216601519037472
26107,-0.05557541186752702
38577,-0.024746109459571675
19825,0.11759647820609338
12327,-0.055457316091055954
40139,0.10914805882827552
36652,-0.07332493779298375
7177,-0.22205050702106616
32444,0.11990775867713879
25249,-0.24055480726398465
33480,0.12649611034712718
40183,0.12512525848084444
28909,0.12464804019889092
27843,0.11620012409467029
26237,-0.07518089630844467
26454,-0.1307147454313287
24432,-0.41374914517163897
23116,-0.23705504096181562
20275,0.10881154361534412
40394,0.11820622232051622
26385,-0.008289206294350605
27038,0.009365244546026844
34428,0.0967951803566144
25036,-0.1712196630700999
31993,0.12102427047000693
27121,-0.07658814840794946
27774,0.10631914284923377
32918,0.09163126284537026
17605,0.12298157335713679
29012,0.12662284353941078
25992,-0.032092108379594156
39110,-0.09853464581389337
25790,-0.12985292847623822
23885,0.038785599468556434
28308,0.12376944593049836
28259,0.12306711329554329
13930,-0.1056697260551373
6639,-0.27367691803718347
19776,0.11430814980667696
40222,0.11799158753744071
21938,-0.03560584819290265
29270,0.12114237012134096
36682,-0.16308276796291662
28281,0.09787368902508636
21107,0.07995540763916749
23258,0.10748134731978608
33582,0.1250736804969062
37025,-0.3186660468736076
39128,-0.10271033394717098
22349,0.12163107344744035
25934,-0.24065515851707567
26499,-0.15824955189894357
32629,0.12418391935134931
25219,-0.07240614332608183
25980,-0.03818241766269407
14524,0.12482742566243495
36615,-0.10036458245717608
40038,0.0806786636697224
24029,-0.010828741994592841
24803,-0.11971023116926581
31907,0.1235318614117378
28268,0.12518552101954275
35006,0.12315999151306015
34541,-0.048237825958037266
36537,-0.15615409158996046
19774,0.11911762011742055
17989,0.11598649404362775
24335,-0.06373509649987476
16218,0.10860972886398038
12783,0.050521472262040845
39097,-0.15257769549968522
25737,-0.09068781021348087
24404,-0.14549280602847506
33618,0.11898065393818548
20759,0.11692232530098746
24208,0.011056240179759485
31226,0.12189365719211444
31453,0.0999160492668898
26064,-0.16983254110283733
35228,0.1263219123356747
17714,0.08360503768838978
21053,0.0549953659873886
25172,-0.18912767275513148
25310,-0.05091442353946865
13400,0.10448312481463426
23996,0.11143936648841872
39832,-0.1585339639828239
24076,-0.020878305398190085
36549,-0.08624334329282575
26205,-0.07783672900134671
36336,0.12141527870771326
28689,0.11887398834171208
20760,0.0837220035337718
24038,0.02973980962763756
26351,-0.05839546999366158
36800,-0.21842652084982456
14934,0.12200679138655118
33776,0.12228871190180729
35416,0.12212349557249443
36189,-0.010808564415962776
17723,0.11983270590520372
36258,0.12587971156618333
34486,0.12262355639186141
31470,0.10526415649568834
31562,0.11947009217070428
19764,0.11810519587433747
37129,-0.1266840222980757
13971,0.11890543145112609
13421,0.06910976635076728
34123,0.10462597224489788
12681,0.021526654956606356
39082,-0.516353757036713
31286,0.10678761599293847
27444,0.12065249982173423
26174,-0.11938947094275457
25896,-0.10813188648593627
25096,-0.017939886784891737
24174,0.03447135669814908
25939,-0.20197955739874374
24669,-0.4371921344981321
14310,0.11902337663554517
29385,0.12578242604590537
17244,0.11934566927484999
20380,0.11942577549707954
26894,-0.2147387669013336
29333,0.12346109233491662
40623,0.11941709471089433
30924,0.12366242913006717
27619,0.12442297526860913
36714,-0.14955770404069077
40221,0.12339199267737234
40566,0.11439446670656439
28048,0.12595965515091762
19685,0.12270110887192442
22096,0.1166925596231013
36792,-0.0643036168631827
33091,0.12383614769759264
32146,-0.023668016980024412
37217,-0.4087380491647622
31074,0.12435921615363284
35488,0.11790243033959268
25215,-0.12864949895902114
31714,0.12135751397077678
24271,-0.045161514219211316
20443,0.06910561589799778
24601,-0.09643767816927247
39457,-0.08908859268229864
32510,0.12277017337656694
36494,-0.1870003484904515
24357,-0.15397343826310475
12756,0.06652037312156477
33933,0.120726045840635
39825,-0.054650843127880815
36571,-0.09114395840482062
5180,-0.19095830420570198
2725,-0.22912970323548965
40381,0.12424698266341246
12811,0.10668349987378746
13836,0.12491289390817945
24713,-0.4178102744197952
14197,0.11995878005975436
40035,0.004112614670444937
17878,0.052784263048384336
24159,0.0005254760892015795
36536,-0.0665391397243274
36350,0.12224218359165229
39540,0.007341912529320636
40399,0.08682303824954499
32280,0.12172715594831485
34164,0.12343918335825589
25238,-0.04256150700554627
37226,-0.3053898409241796
36328,0.10883148247550282
38864,-0.14502332076243976
34725,0.10502934160875754
38679,-0.38313914074845384
25791,-0.1201662261234959
36937,-0.06797689182901664
26485,-0.0994191710266675
25788,-0.09653498886972203
35312,0.12277825930860888
24353,-0.04919599763298404
37213,-0.3187696307816092
25670,-0.13769979588546008
27118,-0.07373920347163532
40427,0.06726678888692096
39955,0.09087795177845633
36960,-0.02800898198413559
36507,-0.18447350310358318
36008,0.009724709070560627
25542,-0.04048542484662424
25536,-0.16269460186199375
25230,-0.12185649113555411
29567,0.12074718318158946
36554,-0.14813206989670946
36902,-0.14509281837659316
32002,0.1223024482709732
33276,0.11782766146358502
26209,-0.039050758226741485
30953,0.12610025819750054
21474,0.12199501121803934
20137,0.11554422385406388
20726,0.11348463193610538
27081,-0.025198133125024242
23230,0.1161300996484787
40567,0.06315228499461813
27713,0.12027722581353309
39092,-0.15032433603598047
24155,0.035974981322623396
25110,-0.1513478953336733
26181,-0.21647731906896864
24389,-0.24274393271108194
26066,-0.13039852372848879
40197,0.09758621025387265
36680,-0.10829145077477455
39032,-0.10790388827026771
17751,0.10827320554489617
31480,0.11539124724360875
37000,-0.03343971819651513
33805,0.12170406038073021
12620,0.08020246424207808
23803,0.11782732734128155
28224,0.1204040975737093
27779,0.1176656938632276
35030,0.12389865823846943
28218,0.12501304712505176
31676,0.11765233164589377
32489,0.11981297867325588
28309,0.12188570057969829
24143,-0.05352596152209582
27951,0.1163142471181955
37077,-0.17848823188527752
33302,0.09301119922804199
28341,0.11650053261015605
20871,0.1197617497605125
36326,0.11610823423310622
18759,0.1168823865150503
24851,-0.26787568645324394
25322,-0.03367234862623824
26961,-0.07966099716240115
29046,0.11719206803570853
26337,-0.1879560663572523
26004,-0.16554853958639537
23997,0.07045867213832187
40193,0.12256475514424046
35715,0.11842987433383903
30180,0.12434460977678322
29489,0.1232804862060612
34171,0.11544552074054723
24242,-0.04316026577357353
40414,0.09668361303007382
37148,-0.030576311125698682
30534,0.05409584242689453
37222,-0.11567829487072535
33464,0.12203058467319608
17427,0.11616147425750475
26165,-0.17813269509168583
24407,-0.08372478361540378
33023,0.12634923658212077
37209,0.01700457950188329
37218,-0.4305213144875003
33620,0.1207345350171396
26446,-0.10873887166978277
39083,-0.16293735428881068
25229,-0.05859272386285578
40030,0.05822684608946551
29117,0.11980427527079882
20186,0.09350689119697769
20272,0.05787762547548929
20503,0.10362111810816625
31892,0.11747531403476663
19387,0.1086506081623191
40184,0.12132077538673353
33932,0.123624632886124
28079,0.11905314089253621
24366,-0.2239905188308838
25989,-0.10388046651232229
26822,-0.11069713449939501
28143,0.11640163217338638
36072,0.11916137759331663
36851,-0.07182689705965961
30929,0.1115362185369197
25477,-0.07364848940177837
14137,-0.07078977720975753
19856,0.06481420257202383
28042,0.12246666147590236
24276,-0.06683884238751259
25329,0.00889842629568725
25524,-0.08552566208994766
30233,0.12009443833300017
25299,-0.03363541506815388
25189,-0.02325980922789688
26040,-0.34463924125473416
19567,0.11422429278367498
36725,-0.036588237095195576
27363,0.11968735088163114
35042,0.11772874605751402
25930,-0.08088777443467814
36689,-0.17731719511241795
30696,0.1288370686960913
26046,-0.011312042740228782
25330,-0.025174893396826072
26044,-0.003969570180468384
40277,0.07716488177270263
30685,0.1208031299952384
35929,0.048167001896236586
34117,0.11567197719776964
19688,0.1184929106749281
35652,0.12294377090139005
25088,-0.17809153068253175
26932,-0.07776670742255165
39102,-0.10802524021779077
24201,0.05742104292088552
24635,-0.1426503901999003
24310,0.022083649826591355
20367,0.11157604730409776
37212,-0.2980458563609107
23235,0.10912159555951823
33218,0.12542107857925336
24287,0.033181443023117596
33867,0.10980448487034916
27918,0.12458456475222958
29772,0.12067427756546252
28117,0.12165284232084604
34847,0.1217999467198164
26233,-0.04406939326471552
39116,-0.4666099960492515
34301,0.11965562902328082
26124,-0.10802636690518848
37215,-0.037130240590540944
36737,-0.15937902525906839
33804,0.1161839378549405
12759,0.081781122286402
24647,-0.12308862971701443
38013,0.05857263256943094
33543,0.12060951243406484
24117,-0.015733308908407184
36954,-0.3509104612973387
39458,-0.03825045098109288
33158,0.12444446838432077
26459,-0.10975166983209085
30088,0.11415536316056228
27456,0.12512536654696343
3498,-0.25176462316452464
25049,0.0002758446207333377
25144,-0.030345377214807363
25334,-0.021802034268565716
20174,0.07756268207996962
28652,0.11844808673582706
29598,0.12229899834235818
25417,-0.13127568472008871
27170,-0.04490202269845383
24472,-0.23573840373518323
33370,0.12399575587790203
26031,-0.14386009289240081
34661,0.12104856191643676
19372,0.0806279162647766
25718,-0.1947408953556536
40402,0.1252002654713395
29984,0.1257480928954046
26091,-0.10174561631474613
37004,-0.121216914496869
20375,0.1105517343478881
27370,0.10543693269761058
37128,-0.0608617806573782
14069,0.12121311639154089
27200,-0.09803441977479312
36853,-0.1355503545663624
13595,0.115959588419273
28355,0.11967927731660853
24126,-0.01716495184102977
24865,-0.15979218372223936
28317,0.12596043363078702
12663,0.0684831890240299
18874,0.1208568585683225
14371,0.10886398244294063
23514,0.016506955194360757
27599,0.12447920893225843
34078,0.12023773042844094
35235,0.11701805968123351
31996,0.12225005754153791
40396,-0.1056160529811974
40445,0.09086347246153226
31386,0.10256639766691872
30874,0.11348226754854646
25336,0.006902387273691426
27857,0.11996227963486926
34450,0.11425664304951788
14041,-0.058144994272771505
37586,0.11176739556585835
31682,0.10152106864298764
24168,-0.02224106151027736
40346,0.11439217804125586
21056,0.09293370363732241
27623,0.125873145827334
36178,0.11609766466619312
27595,0.11681564030403012
14865,-0.01656445175274237
25982,-0.11428998054629474
20194,0.1183725803880838
24241,-0.04499896989267546
39094,-0.09862490865425563
21568,0.09977024222587641
19892,0.11750470446820283
37227,-0.22780164338938208
16149,-0.02043623096766143
25464,-0.11113172372922227
1398,-0.21128095784248335
23083,-0.06673819033537154
25502,0.006528460531845266
36757,-0.08354055648739933
31759,0.07819237493181075
25085,0.032525275223835345
31628,0.12033804334733517
24444,-0.3239533827193633
31347,0.12046522970218394
24377,-0.2553332800594557
32466,0.11241159382213636
30427,0.12221656089710914
24354,-0.08166906983816169
24359,-0.2361113093611269
31179,0.11741565430847083
40321,0.03795133603025802
29014,0.1162167466830073
37997,-0.045338783074743316
20346,0.09734629496460286
23201,0.11244559535864516
30866,0.05552569788288818
25915,-0.16376470282761443
12609,0.0790840032087774
23991,0.11449336604973198
36289,0.11605069549355754
31275,0.11728919702288136
33036,0.11975890912306186
28114,0.11550425435808583
19711,0.12237982514207481
26167,-0.12829041302937583
15167,0.11934090814672545
18796,0.04741675721603972
20156,0.008258161129741115
24458,-0.10048889217891979
34293,0.09092548972919358
20044,0.0923614184866724
24088,-0.04102786030679343
40293,0.12168607809453867
25961,-0.23263425289249617
28543,0.12447258522352053
28046,0.12764334166924235
34343,0.11708951642158667
24948,-0.19377443445413017
23136,-0.10792489932768738
40264,0.08889764760771485
26497,-0.07796205526800334
16047,0.11934813966667399
40501,0.12651220690341397
31775,0.116933480417571
40097,0.08420322745345196
36789,-0.13947831548893158
37110,-0.07992755831635735
26216,-0.18681653178386215
31268,0.11209274591181505
32000,0.12227675105764493
35056,-0.030041336236491308
19949,0.07665978042959297
31638,0.11927709351908997
27747,0.10866215584456713
25133,-0.02850570004584358
35260,0.11659339573926811
37597,0.12311363500857898
28322,-0.01216200634181682
24179,0.0002897287528524097
19767,0.12037784424145172
40508,0.12500169413380466
27976,0.12417325559801774
39232,-0.07110442882044012
35451,0.06943309128574955
27608,0.1187110218511919
37259,0.010145043869010292
24160,-0.03948448687715869
26465,-0.16727747252512978
37270,-0.1733100502402612
13076,0.11895887893913759
27147,0.0050397639965836915
28051,0.12382605942348465
31757,0.12321999158723043
20199,0.11009621723954287
36646,-0.05599367141390937
33570,0.12113376141155512
24129,-0.07242856128640812
40458,0.11895260760460592
27124,-0.047365841521156686
26037,-0.04902794134663568
22881,-0.01707752901027474
30416,0.11894270634081253
36881,0.016348381109430495
33721,0.12294285778780992
40615,0.10692669618055654
19358,0.12441431969005225
37280,-0.16252737623736824
35462,0.12175785683818888
36629,-0.0670279861139811
17501,0.1197957227806124
24054,-0.02163718955824117
26369,-0.11383300798615509
25979,-0.09116570171005234
20270,0.09958340872898415
26317,-0.20115640398835127
36647,-0.09825997253070319
26960,-0.1405104116754577
25601,-0.1006148385032256
33466,0.12887547982031594
35903,0.12314420156398333
27359,0.12215702143340276
31495,0.12371209396817907
19831,0.1182331186251036
24398,-0.12892189243560764
36732,-0.1329607709208645
40116,0.12230807844148577
27494,0.12306273602040217
31919,0.12221822728848003
30863,0.11949883418084516
25678,-0.2985478290555534
24114,0.0570809230170987
24343,0.013602538994543249
12338,-0.29962468831227856
26105,-0.07113966094746414
24285,0.03543195956749454
32343,0.11846748534722921
28085,0.11861613434124411
23237,-0.0007786696727199368
28040,0.12136631725120416
13228,0.12341645231366549
36335,0.12196938590860884
37366,0.08993817511600875
26404,-0.21045209195289866
12982,0.10389755170891922
36701,-0.38654297147754346
19762,0.12303119787420524
40079,0.11827918929275054
28047,0.1193839716686715
13183,0.11796974284533916
24678,-0.449008787339833
39039,-0.34495647124974377
27876,0.12002690003512416
25311,-0.020899645493061548
19971,0.12276837403334333
31180,0.1239784030247693
30122,0.11658079640957933
20062,0.11117649355566463
37080,-0.42729118267478966
26008,-0.06470041127441137
25592,-0.05868471684674878
13533,0.1185495746228286
31784,0.09302106683592118
39095,-0.21973630085110124
25146,-0.09244248001982058
36325,0.1236966030418395
12757,0.09417140491603689
34835,0.11980374070232283
25135,-0.0717019125644601
21549,0.12204537150273671
26930,-0.060217665315307
24087,0.06452857460445406
32573,0.12191131783640156
16173,0.11260026397358244
24719,-0.2999638567126862
29192,0.12511728398372637
12615,0.043450929953752236
19979,0.11181185105724278
27348,0.12173421036179781
37331,0.09543189052183068
34504,0.11448526087379192
25904,-0.14784306242966483
35621,0.12254753731852486
16582,0.08401045801351413
36509,-0.1795635440818973
23992,0.10798250706111755
34004,0.12114034469623056
20289,0.1116033106363221
25158,-0.042434024734771196
39154,-0.05342210887325469
33733,0.12328590816730774
26519,-0.09459441320368829
36346,0.11941413792197782
39059,-0.1850004479972158
37144,-0.12810544506084479
25795,-0.15657740831192077
31705,0.11898792995290537
24399,-0.08503768735883768
24017,0.10206056056002036
31862,0.11707467167975438
36957,-0.15999581780083894
12692,0.07258655639738261
40374,0.12802123882053984
26908,-0.10163409394437756
25137,-0.015093176422902106
35395,0.12045455391666965
15234,0.12244158499825429
24683,-0.2816606618625889
27533,0.09759848423659137
37177,-0.0911978245061308
25488,-0.009608221950268179
40536,0.12290731626466458
24985,-0.18910619283166763
26415,-0.06939221690953308
19789,0.12603093595044418
40602,0.04762546309844135
40278,0.07857206414358132
36715,-0.22913871421196266
12971,0.12290586601790104
26952,-0.07856848920358149
39272,0.059306951835577736
37207,-0.37932571916787283
13772,0.11166876003349835
27899,0.11962954839574627
26384,-0.13028471796974705
30038,0.12546560768915566
27590,0.12207099957569909
40118,0.015153816343216471
33511,0.1229071902717481
39089,-0.0429318479234213
24742,-0.14545423405640928
26243,-0.19036354667095004
24952,-0.15211976632738883
32672,0.11718995181858254
26217,-0.08473679388378381
24405,-0.15645521723672354
39056,-0.29572985298084487
33437,0.12441303125813319
36661,-0.08735685723633058
34860,0.11932737839744081
21508,0.1182897253388738
23220,0.07028934607745269
20683,0.11928410388413782
34691,0.012867455358946633
17610,0.10315072953732549
24209,-0.03398322024688626
27079,-0.10173100324289522
15315,0.11307843764872019
40570,0.12504107121423266
35523,0.12100547599256457
25612,-0.16944112557053878
36511,-0.2477926076109775
15272,0.12217959823701299
40121,0.11284095321206218
27395,0.11341258128947873
23793,0.08357036499849359
25505,-0.021736388179575437
21849,0.1089749057080818
24369,-0.13214799952633677
39661,-0.06773554650165531
24105,0.008421810454528958
12948,0.12112267510827618
25051,0.07341035678648031
33579,0.12081363836515673
25450,-0.11208688865619436
40398,0.019285768568998843
37151,-0.1937784788807318
18770,0.07496039209112078
27095,-0.004795215953776309
38806,-0.36358379287555265
34946,0.1170569982726917
37122,-0.20150909592106186
40249,0.12047475517165446
36027,0.11792433675692857
24090,0.051413998253185156
25605,-0.09640971779817539
35754,0.12115957052271603
26067,-0.09933877132760174
30356,0.12327841102693496
25533,-0.02802711063237929
35021,0.12225359089605249
25236,0.028125680822386215
39068,-0.13632706896282024
20293,0.11773159829466724
24362,-0.16390937152926074
26850,-0.015190825788326742
17946,0.11789376618962445
26354,-0.1575312970272068
24170,-0.05912790407832797
23257,0.03217192324306908
16145,0.11324650477546894
39148,-0.07129086743413374
27332,0.12401076435041766
24455,-0.20854364832549108
39486,-0.04535649592521376
37012,-0.10545416587275619
20295,0.09053055734478976
33087,0.11911566834537675
25864,-0.08014308047412408
39535,-0.03630463553573395
27945,0.12205215078146543
34206,0.11512878155464491
40185,0.016078175728902237
20920,0.10997414251231695
33661,0.12337944121242436
40370,0.12359333137864001
34437,0.09852184970963625
36754,-0.07735321215041849
24598,-0.18737168314802713
36875,-0.39866463455420686
28417,0.12078931581743906
24035,-0.057402134414915394
24165,0.051734917696786197
34679,0.12144642018246227
26172,-0.0860902972866772
26336,-0.04058363960089181
36520,-0.023874227132779913
2241,-0.1817600564753402
40309,0.12134586267152608
25690,-0.045288221874212
24104,-0.09632808078143484
31254,0.1200065976789181
34263,0.11583376291840676
25552,-0.09629521782425698
40090,0.12170541547591267
40354,0.12308235901716748
27219,-0.08236627945718031
25123,-0.11429093766027362
25789,0.0009891730517132555
23234,0.09877905431368954
27900,0.12074285157393237
34457,0.10613391403527615
25633,-0.03190824826682124
36585,-0.09698731732336668
33990,0.11917758125437301
30458,0.11475751851979071
34418,0.11011548434955852
24624,-0.1524879834838568
25084,-0.19376327739151533
25899,-0.09411590139124176
33892,0.12503691228392133
24626,-0.09345278233979575
28387,0.12107677992558673
14642,0.11891148081985488
40471,0.1211777618146028
28208,0.12100536827495392
3238,-0.14108743517237568
31553,0.11719416975659648
40432,-0.05911853877444721
26576,-0.1189195820482915
27698,0.11264347941922788
37158,-0.18050545144573585
25447,-0.07077544543555114
27361,0.12352867406766287
24868,-0.10654350017417404
25739,0.006810230325096165
26979,-0.04888741763178501
37244,-0.03446235981957963
33076,0.11959443199627996
37278,-0.14897016897749998
36602,-0.18145822735639583
25006,-0.33619333901383824
25307,0.007864860721601774
37275,-0.2648659613315134
20509,0.10217524867970341
26330,-0.08746528803211923
37162,-0.1921666492247705
25449,-0.028551137592774046
24077,-0.03706522638319873
28075,0.12189666479658232
13924,0.10972005549368213
24323,-0.027615958461687493
26507,-0.11753588982908124
39040,-0.5255381098020065
24186,0.03417916932827469
20458,0.09003527758297565
27715,0.12525190570824307
24984,-0.23815502347586057
25460,-0.06174285397099755
29625,0.12857141252629994
25995,-0.181811103007499
25174,-0.09831939176136158
31798,0.0367564821423367
25578,-0.012696384997756082
25468,-0.206636286792909
13762,-0.10524194443958942
33762,0.12186448498662496
30247,0.11921580090056207
31068,0.12393703920042984
28632,0.023221743579298865
32044,0.1196948318032681
35875,0.11305635548815474
25540,0.01043036399665826
31169,0.04933336893501685
14083,0.11457057555617717
35842,0.11815114332341412
38436,-0.05012576352569501
27149,-0.115229873315344
25293,-0.004709175687045019
26224,-0.1689945641060054
33546,0.12138531437422193
28759,0.12007409497747185
27119,-0.09768208113091587
31742,0.1187859099888026
40276,0.08286954395220508
28030,0.12084067332435751
31339,0.11825714385823478
17727,0.11948220006657115
28257,0.12181778481415992
35684,0.12039004925648737
31410,0.11485056114610624
25603,-0.10855471776226884
27878,0.12180764748304777
26226,-0.16845350983972657
22020,0.11155760119667515
30497,0.12498541303908949
26323,-0.21433107334826046
25035,-0.07540288916530821
33325,0.12163269079043164
40603,-0.027742768811250776
24680,-0.3482343963729562
36808,-0.38199553602382447
40244,0.12004162703167476
36724,-0.12329754251991187
20587,0.11119897092111118
40512,0.1259263458951322
26155,-0.03860863745480509
34873,0.11929402011607272
36857,-0.07366675546215812
26565,-0.09320175793771608
35298,0.12383135053011807
26875,-0.10370866467895655
27092,-0.0647682054936311
36530,-0.17463915611116085
26402,-0.12722293011005503
33141,0.11941100486350462
33338,0.12086597165428865
26721,-0.04711721315872606
24355,-0.07793817989141756
31415,0.1149718744501739
31026,0.12632509411303286
40329,0.11310262496716215
20094,0.11815809748311963
26425,-0.05497016451903454
27640,0.09665413454906707
36681,-0.06499925339020315
20116,-0.019108511823541917
34439,0.11835464110839032
40330,0.12294146590790239
27000,-0.009838019052273628
19822,0.1210930533033834
34436,0.11972439812570543
39120,-0.2174234889604822
28283,0.1212287932116163
32770,0.11912822582720815
25479,-0.025185571043908728
36136,0.12736964492799002
25278,-0.08383919884816873
40261,0.0760011309236755
14864,0.11601384811430461
27367,0.12153928360781847
26451,-0.043257356547340906
8081,-0.1662819620920385
31752,0.12019420060994634
24797,-0.15897662498232268
27372,0.12269608452429306
26045,-0.11337689946249054
36656,-0.02751327342185928
19828,0.08660761471003375
33951,0.12200932078613705
27515,0.12299321006548752
24356,-0.16567823465297857
27784,0.0959694800169634
36483,-0.15126374347473706
40437,0.07182555131750346
19770,0.12003945397220067
30110,0.11781323627916453
27194,0.016469134923294756
20182,0.010366532238224991
31782,0.11289396218768642
28251,0.12035787447875204
23575,0.12192924627598506
19420,0.10265653453799164
17871,0.12037953569636767
35116,0.1284296465550957
28231,0.12243330388189788
24151,-0.049110273297387395
17000,0.11615394825312185
19019,0.11101727911612555
30246,0.1193350525938236
24085,-0.023228930902144215
24426,-0.2517348140412379
31608,0.11148601101212945
25143,-0.039304376145294334
36518,-0.12564253522990168
26200,-0.16148861896839656
40362,0.11766907786929853
26439,-0.10366402068445284
19404,0.1215342167146976
27199,-0.03442234927483517
28221,0.12057432789478387
12364,-0.22011298686823128
36760,-0.11096494597889577
19495,0.12111527631434435
33243,0.12351332719519069
36164,0.11042651320021266
25192,-0.09343762581940605
24464,-0.226459353246155
40316,0.12298964749622096
25141,-0.015642096779891753
26210,-0.0673054178323593
36748,-0.12490126460197852
36649,-0.12617910347534442
33679,0.12239495409270693
18103,0.1120897406170575
26370,0.014449520000505558
26110,-0.04729854973780156
30814,0.112328233138407
26990,-0.045289897062880474
24641,-0.05285436283135202
27132,-0.04276369287332635
35123,0.12608218781606215
25020,-0.122882979173895
20084,0.12332758319625338
27824,0.1110071373251364
33571,0.12638949723855442
28687,0.12258010511168144
33312,0.12777995311246254
28032,0.1214259182511393
38963,0.006757170436898503
26594,-0.12032897804201673
27688,0.12862772445375495
36292,0.11636681746699552
24490,-0.2099394203258464
19798,0.1212607749327665
33047,0.12056299763444371
20422,0.08547829179905138
13372,0.11751438777550245
40487,0.07352312002838116
33686,0.12070637861342731
34468,0.11433441296140796
25276,-0.018683571527350184
32587,0.12034053750018982
24211,0.03574929753904475
24705,-0.35156990845512087
33516,0.12310943271069567
39069,-0.18261447548538592
33454,0.12535294708229633
31328,0.12031011662894296
12988,0.06637890524625033
30155,0.11938044641352939
40384,0.12434453653870198
40229,0.12253895157343075
40143,0.1111261897050871
24608,-0.09175611694499777
26879,-0.14165932039434992
25452,-0.07440034749354778
31070,0.1193821315430322
32829,0.11868396552981514
12651,0.06434208936353826
26232,-0.1393920283193194
36653,-0.08403798055772452
36596,-0.33521256286117274
32449,0.12268597784682439
13309,-0.05399341514466105
29339,0.07931716175103315
34430,0.08074629617900357
27122,-0.07595747517419683
25223,-0.058053802675150167
37986,0.0961307493347831
12695,0.06740545492643214
24723,-0.36808157638113176
26890,-0.06975685342001259
29447,0.0814224410473827
34290,0.05353285714308021
28111,0.11953973037917459
40441,0.0910345903026453
27055,-0.1641341243331776
27230,-0.07826078979933315
19919,-0.0038699614377085056
39293,0.024518940151858584
37078,-0.23373904811643303
26201,-0.096497400029399
32482,0.11881035698831136
24437,-0.2902804357289618
37074,-0.09191936737653358
24617,-0.1987347585752538
24615,-0.28509955680464
28424,0.12754745045618923
36716,-0.16755997365523
25697,-0.15359890111029717
25498,-0.11924319940172097
18823,0.10957317915531556
24295,0.03382432198913015
25645,-0.061630830055480756
24095,0.039630169377501384
40088,0.1256063828717541
31290,0.12325639179821578
36638,-0.17701347720554036
24328,-0.028543356610498314
36846,-0.19561470278093493
39162,0.024115019781983077
39620,-0.13882124031491969
20323,0.1095360748512303
36351,0.11963755325050741
14403,0.11666055395142373
27365,0.12257310502129001
25470,-0.07442741420991061
32924,0.11731452259628677
25528,-0.10428344839266893
40310,0.12468605111506144
26443,0.000985382790581356
20164,0.12319134156658129
39389,-0.08758311806468554
31804,0.11909886785639501
39101,-0.19549517836268662
27250,0.12345686141582128
29509,0.13032779590390198
27925,0.12242719630921622
27173,-0.06460688860938762
25312,-0.05816387703938656
27229,-0.14485245816545347
30502,0.12687962623983257
26052,-0.1557787345408993
26950,-0.17107377080391425
36786,-0.40153447055797886
27780,0.11724189923797744
31099,0.12784153547012708
20218,0.10728362948011246
24628,-0.07736619104195572
37036,-0.14965625547207523
24110,-0.058479820901876534
29328,0.12140631739438058
26948,-0.15411423156689155
18821,0.12096950571072045
25546,0.0010690097485323144
36823,-0.14657183793346765
30768,0.11799262204176073
25366,-0.021175696647129708
13424,0.12163089332758689
40467,0.12218656305063777
23643,0.09983046021782929
25171,-0.24362095219771693
26185,-0.22862812783967296
36514,-0.046090301076351335
23229,0.10839602406057752
23156,-0.10711307157401896
16220,0.12000407422338337
26895,-0.113265034561552
40431,-0.3700910118863538
24499,-0.13868308274481908
26429,-0.0905120300070246
13839,0.1076994072069238
19515,0.12110293360365516
25091,-0.06617541307169815
20052,0.11159667936338238
36558,-0.15136431196722017
25919,-0.07416685935161679
14542,0.026436408521595352
25713,-0.18080385048092482
32351,0.12289283762275935
36089,0.11917081293756422
34480,0.11487638043811349
33510,0.12242496345034387
25482,-0.11492341731980203
30837,0.1265045969187919
31476,0.12274035059874602
26377,-0.10835618497479448
36867,-0.09000283083747013
24083,-0.0454093395941796
27016,-0.08012152533652646
20390,0.11652858554183348
27036,-0.015312639748772422
25241,-0.14003777907817336
24178,-0.03804106907777989
15747,0.11595070615706665
26353,-0.032208250773739046
26925,-0.018067873650113392
31819,0.12156579940834017
24468,-0.16140368538130268
25175,-0.20532867127476778
13488,0.12020514074921264
40305,0.09376056044734914
22556,0.11743601443593912
25490,-0.14639088998842822
38590,-0.3712452936608595
33941,0.12300569818821926
17264,0.09644783192769599
39103,-0.1137092936470097
34864,0.12590369951155436
24364,-0.1517954610660456
24649,-0.19123099276618227
25921,-0.034367643804979094
24412,-0.1717640083211111
24852,-0.25437207707199305
37284,-0.21383594816936705
28314,0.1217266803672502
34568,0.1094792420097515
24164,0.012660056495848676
8388,-0.14204410948793475
27360,0.12285371913173859
40341,0.12366512178806412
24627,-0.18907123316715438
25700,-0.19380552802225626
29622,0.11681772959198276
36588,-0.15136307732816198
34184,0.10964145339941307
25590,-0.0370597986499033
24260,-0.010080386998850744
20196,0.11707641683923985
21548,0.11022121065931542
31334,0.12290288338375126
31764,0.12494645296713641
24613,-0.06551282708557413
32164,0.10239539047237152
26584,-0.06449574095556922
36821,-0.2281246529268821
28356,0.12469495154092299
24602,-0.08399738464457351
35690,0.12047626211092931
40488,0.09295033713157574
35364,0.1219314933354485
39922,-0.007705629964899063
37075,-0.10792519401023382
24928,-0.08429063006817825
33722,0.12620303207191239
25114,-0.0885007286888286
36868,-0.024274900782829695
24396,-0.1136992288050384
28359,0.12299223879709487
40413,0.08915222988452735
23988,0.04094136673640472
25362,-0.03981579639100945
37176,-0.1680110254172343
26503,-0.16107631614436368
20278,0.0966087044318508
36550,-0.056624343727091
20362,0.1168528934618034
24699,-0.36189981451744224
40337,0.12274452568821648
27333,0.10952836232275424
36864,-0.24716416873593924
35889,0.12015535988329223
19941,0.11528351262795193
25544,-0.06847520613416604
19679,0.09963402686412999
33174,0.12214050261712266
31038,0.08225935971866506
12190,-0.2031751033871598
36896,-0.1635861425785281
39367,0.01804804018615142
25932,-0.26139430762103893
20043,0.12279770319295044
24430,-0.16498069181411876
27227,-0.04805177603090994
28086,0.12229462008242209
12877,-0.09627596058082917
20718,0.10097285201680538
12765,0.10002561401243829
17520,0.12123333981421151
26413,-0.22724367143110907
37655,-0.05371458549506382
27203,-0.1117199713553419
35183,0.12425518773150179
27864,0.12091527464762446
40395,0.12237764080483254
26395,-0.2366628738056395
28306,0.11908764298299683
24943,-0.28578834711573803
27280,0.12002830603316465
39081,-0.5908169229433992
20954,0.07340022869642807
27139,-0.06327263281216781
13381,0.12264106507400674
24417,-0.13032598944772789
32396,0.11730497186186918
39767,0.0017532465451669057
25152,0.015518896687405095
11295,-0.1403162830312077
36873,-0.2113092145149558
12465,-0.11807143591721088
13288,0.10686057200760306
34767,0.12005365143823656
25089,-0.12020223732954931
13655,0.1191086834807656
25561,-0.04830589363084276
39288,-0.005759497078724964
17536,0.11749309019441995
24322,-0.06730338605730575
25506,0.0015053321693127598
27568,0.11828862088075964
25673,-0.1765942300880637
36753,-0.08827865436929404
23964,0.10485407333611813
29336,0.10092466777278808
19655,0.11546305309040969
39098,-0.11378113939205874
40415,0.07957028490083973
25508,-0.048711903278144134
36839,-0.25339977796755975
23238,0.11278445330213993
27008,0.02432587122259169
13103,0.07562179960411015
32040,0.12005559328271517
37022,-0.0919529219931248
26956,-0.16590855843787425
26097,-0.1049698119247906
34569,0.12007352685625726
24470,-0.2583624600112575
26988,-0.024539835189303298
32277,0.10023572258120025
39041,-0.4889671765571954
24329,-0.04093710736099363
27815,0.10583095201616705
26900,-0.010986921758440222
21855,0.11335733581226161
39123,-0.1201681394469029
30898,0.12004340492654432
34496,0.11794181034903009
31012,0.12012980447208764
26448,-0.21728240006226213
25320,0.012899470934431037
20406,0.08002266921602044
36198,-0.13310243597934246
22491,0.1098512375003442
27795,0.12519894989680688
24469,-0.14985122103893161
36794,-0.3127559903069607
27992,0.12081083862033733
13248,0.11122909928523032
32355,0.11862962715654576
13333,0.0979833969322453
24636,-0.17519583691258345
36257,0.1217173184667597
29512,0.11923290539678384
31318,0.11558827774994286
40571,0.12257458163318168
20411,0.11875967541334666
38657,-0.05549487645100202
38459,0.10128023535418343
34984,0.11721312359148814
28135,0.11095158737245352
40263,0.0800203292653007
27797,0.12205532944171886
40187,-0.024894302124675652
30470,0.07574635144460531
24053,-0.08340454618159338
28119,0.11814503391353887
24416,-0.06780698909854148
26898,-0.10446909159649176
24935,-0.21546234550347335
13153,0.11801101809799704
24093,-0.01669361080626795
36500,-0.17280748017848904
31536,0.12353999890293092
26880,-0.179926973005501
32535,0.0933671113462465
24648,-0.11543690025261602
35686,0.12098666997694962
18590,0.12083981864587841
37248,-0.3355331886195946
28686,0.10597965884060011
24290,0.002412164688758407
26022,-0.08569734383939244
33671,0.12636512225255092
25521,-0.002967892729982126
24848,-0.8741132331073053
19147,0.040280899841811955
26464,0.039689799359962856
24089,-0.007694606154259432
25308,-0.09807274778724406
25025,-0.008850109703102486
25658,-0.05755117890832929
25113,-0.13484431330074811
35808,0.12123669867045435
24361,-0.20568490083397492
27432,0.12253048529766043
40324,0.11651438708176537
36484,-0.25451526350777265
39369,-0.021034874586116508
21515,0.11728522977452666
24625,-0.12785401974756117
28927,0.12834071653417498
24132,-0.012425580482512731
27921,0.1245570349478663
26436,-0.059740252255438595
26007,-0.21473994751056077
24308,-0.02290126631504457
33636,0.11219094821659036
14711,0.09697465748732971
30323,0.1228052898212479
17017,0.07454484376036036
24082,0.04164399070771197
26958,-0.09985080485496839
33743,0.11776202659903993
32797,0.12152290784792409
28364,0.12189743189010442
36610,-0.062261641866111724
25969,0.009594571128970313
14593,0.11740396032361826
40440,0.10316525885401233
35022,0.12345163206948168
37032,-0.1313718562802349
35288,0.12400576805781552
25480,-0.037136032244763494
13879,0.12291422506381483
37134,-0.18557931114288292
29042,0.12189816149620326
36726,-0.07042093544975687
25746,-0.09327599779716739
20123,0.11922119696754642
36570,-0.15238426318888731
36622,-0.07200461950630496
27408,0.12162545134479685
24440,-0.32569902375999155
36822,-0.15457441627680849
34205,0.11754829913577712
40363,0.11851520169596569
36087,0.1136039917523464
20880,0.11257737102176188
35074,0.12304280442420079
24058,-0.06582150087142143
36729,0.09527991592198443
31447,0.11385330674938339
25572,-0.03999494393737437
20113,0.11189018222320525
24226,-0.0010743834994904743
25686,-0.08665427270721505
40453,0.07917209246388014
34427,0.06960966080538515
12640,0.08902699112060698
25374,-0.10587703678886393
25635,-0.13538357173865997
34194,0.11985758312826629
27563,0.12036791785524006
27489,0.1279475288498447
26025,-0.06970976965623131
12687,-0.054568694527002755
25060,-0.05755216916864628
24326,-0.004972353885260628
24378,-0.24150497998108703
29171,0.11989331394546653
37659,0.0997342846200413
24240,-0.0384789863473094
27733,0.11823260349420114
25534,0.0304931191434488
31446,0.11392838338471835
26505,-0.08365664462262204
24349,-0.009924100595354379
23255,0.010152588015815128
28126,0.12439961072883077
32152,0.1226212537982493
36376,0.09898817167254544
20031,0.05395271058586895
12652,0.07696703979655271
28528,0.12329276141301208
24784,0.005409214692152842
25445,-0.011580663340661086
33452,0.12078139324209819
40282,0.11397344900728752
16672,0.012854833802026325
34449,0.06912577083705554
13222,0.12041464977908445
12497,-0.14949814479449497
29563,0.10443759839259943
31204,0.10764769154775543
29543,0.08216318923799223
35864,0.1241001939161946
30622,0.12400648150832506
28055,0.11883051929265047
31134,0.1187847406526101
26010,-0.11374920192931329
37172,-0.32870763114609103
24503,-0.23269916631121926
26828,-0.17880884780640482
34659,0.11526221040025152
37224,0.0694283575651924
25370,-0.07418448421570403
31754,0.05425608889408611
28057,0.1194147397795861
33580,0.1204925030399536
36529,-0.04515400261235139
20093,0.1256142272498457
31344,0.12118297276616283
17461,0.09376912683104995
34666,0.09844378525190547
36301,0.10843230432930834
37127,-0.05273094115368483
39053,-0.09224194052665792
37017,-0.0692797229014572
17638,0.0929659575916827
28562,0.1217565532123474
3725,-0.12810442061973354
33548,0.1231865386714372
40494,0.1194921364914586
33868,0.11947610967194278
33119,0.11908764156839168
40240,0.11872690551568778
26918,0.004457460483609047
36539,-0.06840153626989466
37257,-0.08174254233401744
25121,-0.05088198460324923
27196,-0.02890643412701738
24049,-0.07198001378907135
36635,-0.13162820550755244
20588,0.11815544312701198
39084,-0.21943999099181868
40592,0.11637760590301219
28730,0.1203149681933685
24107,-0.13487608896995348
26138,-0.04187584698305396
24864,-0.13719695312595626
33747,0.12604318434543876
26435,-0.16305044983274444
31636,0.12264631817342571
31584,0.11683817577302462
35355,0.1234712465424001
27392,0.12203523560179308
37254,0.08655267095114566
26126,-0.09040538051632911
24638,-0.3398078787902041
36490,-0.2880993917400136
34220,0.11002251474116119
25458,-0.0984503990774035
33874,0.11954601696950527
29637,0.11778787187589944
32780,0.12503687709090577
28318,0.1219669349625257
27298,0.12494126424749233
23240,0.06535027774102016
17660,0.12297420032075938
28197,0.07755485912761068
25009,-0.26122339478813195
24800,-0.0622858049877099
34724,-0.010120389230655615
24169,0.05689786086941455
32999,0.12073888137340805
14324,0.1200476072230142
24903,-0.10052304951097622
24959,-0.24682558096817198
34908,0.11645530928293715
40141,0.06728094284567983
37071,-0.22379833961409465
33311,0.11970931684594
38347,0.06843333794341737
11749,-0.359005755251494
19745,0.1140200626877335
32367,0.12719080735369018
24893,-0.2629934155114363
36762,-0.08349364588665566
36322,0.12193658056727764
26035,-0.1292101138820501
36685,-0.11752044232735467
30808,0.051974715000450596
24367,-0.07204792054775999
26788,-0.07420526338755742
25289,-0.10734898715360199
25972,-0.09622666896726245
28034,0.12464484827187074
26202,-0.05758764376593154
27226,-0.027495845121440845
20193,0.11744021585180273
36736,-0.15932621659173576
25691,-0.14534255868188733
26458,-0.0821028666216604
24951,-0.08677121347628226
36476,-0.23448303690990263
28423,0.12110108680292261
39075,-0.1304691577210887
12896,0.08447313527365834
25213,-0.0019916578444136458
30057,0.08781922610434613
17701,0.1273847845428085
33972,0.11914478010445807
15759,0.12602439084468856
39761,0.004648205862552343
35844,0.10049593970830388
30249,0.1098008398012778
25704,-0.11997625870643568
36493,-0.1887496283772682
33350,0.12476614594121155
37236,-0.17235791520025495
36874,-0.19809289660902318
19894,0.10065964465896245
24579,-0.0910074903761311
34772,0.12316412847880885
38819,-0.32737360217234307
25343,0.02762641516306612
27838,0.12219170892459782
24993,-0.21018972839389768
24915,-0.09721234217883405
28330,0.11925103583455002
31521,0.09452560682638263
32905,0.12187144972212068
25255,-0.08941316520924929
25938,-0.2303059088677877
26036,-0.07252268274816047
35040,0.11917463312300215
24760,-0.030491363828563097
37291,-0.17908669990262124
27327,0.1190936280872626
27882,0.1184814335413634
36575,-0.09431916138562342
40119,0.08517279832826402
36516,-0.13854070942737273
17504,0.06796229639777368
27105,-0.13298517963446427
40545,0.11955802859680566
40616,0.10012421554821245
33789,0.12447475562348126
24052,-0.02517696548643616
24424,-0.15942114257178608
25865,-0.17920492586544817
27735,0.12565712252855635
12715,0.10528092844857571
30012,0.12361557757130438
23892,0.11668472670654524
14634,0.1066231576109288
4526,-0.15581984609461177
34690,0.10295144578713361
20791,0.11413100677806763
26342,-0.1074127089758336
39323,0.10718774521528313
35794,0.11812531896195168
19990,0.11932720247252943
33277,0.12697435325086734
25570,0.009814153439465486
39455,-0.01615714968272374
26049,-0.03926062923543823
37196,-0.13137894918159443
24134,0.0036669513669867607
25959,-0.2612482546396869
13991,-0.08105981567359273
25628,0.02319956391890752
40485,0.0641757187311655
25889,-0.27275666302594664
6961,-0.32338405733292186
36473,0.08885719911382552
36872,-0.1573536858456864
28131,0.11007286684630793
35393,0.12397020200963865
3965,-0.22523155152322472
25510,0.04291964934675716
27819,0.1019202185124728
40239,0.06046327753038996
26871,-0.0790996495748782
13508,0.12097760463245613
37179,0.0658394925948838
14387,0.1207183024424472
20496,0.11601541594934199
24118,-0.021252985750309747
28234,0.11664019659277065
27096,-0.24938017844654634
24677,-0.33715504260570145
25630,-0.029233943113800332
13201,0.11971597202974818
25941,-0.0715076750647807
20288,0.10057592675595461
13831,-0.009659395500830344
24438,-0.12384924479198488
37380,0.10202175937865578
13302,0.12538391534082818
25720,-0.008240395715147075
14489,0.11421107677069564
25466,-0.12544793257112782
26781,-0.09301358747379017
28158,0.013568374156051973
36168,0.10552955100922787
30572,0.12208935119323266
25753,-0.10697804236644345
24947,-0.27545814558982323
12728,0.09385297782201743
40397,-0.10539128505810642
20402,0.07454897820375292
24116,-0.099371602522406
34108,0.11862925654347671
23999,0.08308727117645456
36913,-0.41897561559573504
27304,0.12193934179439606
36634,-0.07974548766146508
30043,0.1233516651893929
12755,0.09553524873092188
28708,0.122446209694764
34989,0.12307264065962012
24007,-0.061686494242236246
20376,0.11658494475991661
25933,-0.08761052324777217
14313,0.042633859571407196
23251,0.1101789063174795
16678,0.12341299586549623
24327,-0.09441971686879023
12926,0.06804610161301912
37046,-0.1850732346088505
40267,0.09542258922410157
25001,-0.20627113853925214
19647,0.11423560087739489
36065,0.12411470847497502
25974,-0.08791042044454031
17579,0.11681726218979276
20112,0.1260225213247319
25026,0.003979033252598431
28830,0.1225132176161223
29203,0.11624721416891569
24726,-0.1574540362077193
26412,-0.05516603092072016
35077,0.12438158052195841
29651,0.10884885599326066
25792,-0.0515040759477425
26331,-0.2485559532548628
27078,-0.11985027533410696
27796,0.11420373267248975
26388,-0.2427466052475903
24409,-0.14133782156717878
26440,-0.03656507745155313
25211,-0.05080761687221335
28123,0.11333931927702233
14407,0.1000750966836122
13630,0.1017102847288876
24897,-0.10516351735022987
21919,0.11452593336874221
36804,-0.2040687329744553
3435,-0.1332912837517951
26984,-0.04081108758341801
14207,0.1196280922480436
32095,0.11371193319404543
36586,-0.14370818708077018
37067,-0.06996326470825497
24358,-0.19653050198951427
13652,0.12149289476287027
24711,-0.30255261980286663
14721,0.11286979142484756
20264,0.10383128968811266
12888,0.07683627135740505
25348,0.02214622808403791
25004,-0.1729032169677744
23236,-0.0073507327325552175
36781,-0.18208161790586977
27040,-0.0024207296735798945
33794,0.12270986678084249
26849,-0.14899942143904982
35487,0.11490632784668961
39448,-0.011818766315232801
26095,-0.046100769006865126
37109,-0.06628094268486295
28023,0.12123262170497005
14398,0.124189575053243
22887,0.11351000523270062
25473,-0.01541972764044896
31772,0.11675926192985996
37189,-0.29384922795286333
25154,-0.13812691308461825
26349,-0.17649766460404112
36922,-0.09597075182816223
27564,0.11633731597786746
28304,0.1271743118288056
32048,0.12226486940206609
40120,0.12424797951790285
20354,0.08801322993597782
29394,0.12219103848719774
26093,-0.011339203309052437
28307,0.12496215867872276
34013,0.12171774611084835
35379,0.12198027944509031
33986,0.12562169487914687
36787,-0.1359396113763243
24384,-0.20981799717027522
40125,0.12565878736482888
25537,0.020790196402533812
26639,-0.14944445606252352
26978,-0.06263335870153758
35314,0.11835205350715086
26887,-0.09686567665849331
28230,0.12289279274948675
25955,-0.1183772145608499
26099,-0.09196764856295643
25253,-0.08309953214560176
25176,-0.20524616115451816
39701,-0.019076679351225638
25637,-0.016446650212525577
31704,0.1210501408641557
33415,0.12687456141528647
25926,-0.031131183527128736
24420,-0.04998486001383583
40319,0.12092717881609359
21359,0.11669881380318894
36891,-0.09827839971549006
40539,0.10153604709114174
28000,0.12513730905834972
23206,0.02576988494558029
24330,0.026752783737567926
26338,-0.13587348327396107
20276,0.025635070844352268
26109,-0.04855465893399469
25356,-0.1601673351166463
15948,0.1224187230805652
24205,0.008376264679920581
25313,-0.04600935842462976
24063,-0.01317230755814408
24180,-0.041858080126326885
32779,0.1227866077225842
27123,-0.030671951180376345
26477,-0.09835370787797112
27082,-0.09454029924169949
34605,0.11641965425026642
19976,0.10661420753911055
24456,-0.1508990616424401
37277,-0.28160704292981
39099,-0.036771070020659435
26980,-0.023936746819625324
13771,0.11606131234261399
37021,-0.0809347470117576
36750,-0.11036345533470848
30642,0.1114244664154495
32005,0.12310552846187589
25953,-0.0811926112179905
12717,0.02132339875185896
25735,-0.12413052795810724
35240,0.12173304640575305
39677,-0.16191014736848508
32308,0.11950491757619669
36746,-0.15904490315632366
25559,-0.00703044336842103
36161,0.11873900533741033
33866,0.12595291922068338
34389,0.10913703642739271
32429,0.12713073836810318
24157,0.0475245162045571
36684,-0.08359298234924784
25437,-0.19308576320992177
24861,-0.09250230194345206
25801,-0.15979802701955143
20369,0.06805773598780747
20450,0.0668457504891422
25106,-0.20380167226399282
24676,-0.30455332303455057
33458,0.12461474271680169
32804,0.12120285201812715
29072,0.11868152772575791
29161,0.12175578136113321
25586,-0.018252426418723298
1649,-0.17270280122091897
36532,-0.1286289797668754
33723,0.122574631673526
39077,-0.20837609290636638
32939,0.12002726165576075
28442,0.007070982236025996
20096,0.12316788296708732
16074,0.12044948393421272
32649,0.11925938323823441
36796,-0.2315317657932223
33050,0.12169627909461805
25243,-0.07516734184744828
24394,-0.08975286064729115
24057,-0.013612782635026402
40520,0.12300699880916945
20678,0.10997250778886636
26061,-0.051555042754587097
39042,-0.46322981995639917
37050,-0.16606373926363321
27126,-0.013780686715639047
33993,0.12007102107103522
19339,-0.009727301897708493
33155,0.11813828790707663
25234,-0.10885148498968807
24243,-0.09106870204097973
12943,-0.05497916413746986
6244,-0.1429521478696578
28863,0.09122012705336695
26207,-0.11747360133895864
27120,-0.11324137355930901
28874,0.11407543933496407
33048,0.12112143118172662
25496,-0.10667114771674018
26427,-0.1786682339614072
6604,-0.21870983014400308
34714,0.10733463504026292
24623,-0.16298911048916245
26213,-0.24017935336263463
25840,-0.1460680104009679
27814,0.09833779307677899
24086,-0.1379044893025875
26147,-0.10559042427485572
25946,-0.031529971231395934
28696,0.1217197763786581
27208,-0.07165299190979492
33168,0.12133909268737234
15959,0.0016827441426919406
31651,0.12069063869710332
34547,0.11645246469980097
24695,-0.14244640763304195
37660,0.11911431893854171
14904,0.11113062788361197
38091,0.01100880782946972
28157,0.11847561067479806
29063,0.11280226131926502
25368,-0.060664603034646526
20239,0.11293872909102588
25761,-0.0743952784433417
24342,-0.08601291602330564
14235,0.11829672159666263
28219,0.12366196248136856
25150,-0.18811050580204028
25696,-0.09955682549617913
40201,0.09793009519723074
33994,0.12529244730509762
34681,0.08599273116206574
19945,-0.04048286147031874
36344,0.12106177394139714
24694,-0.31729703405050463
27648,0.12137365344296626
28255,0.12267381030173627
40089,0.11552043542235682
38554,0.001076668932540322
34025,0.11329375950460442
35610,0.12097241124328129
12773,0.09605555363952004
39047,-0.20935690877702068
27181,-0.08957243181771413
20328,0.08426872065587772
30371,0.08939974685211653
13862,0.12089676441949065
39705,-0.016738354376289243
20418,0.11297413314233375
27150,-0.03576973924665686
24267,0.018214519877526834
37206,-0.4187898809797835
24154,-0.04120108431287533
37199,0.05169127824325022
24371,-0.291847591024138
33436,0.12003362457643574
27729,0.12081484042049864
27997,0.11875478467239325
20662,0.10830544063592121
25503,-0.005872372258680353
32261,0.12249282411762898
27140,-0.053230662350817096
35489,0.12797229691919215
27083,-0.21896819765791214
27571,0.12397958477991802
37294,-0.10505832023125328
25618,-0.018683750066506143
27745,0.12436094408379844
26491,-0.08354795448886533
12990,0.12028165565264652
27642,0.1237339263502078
28183,0.11813704030922617
27854,0.12627947954088464
28406,0.11675417420358897
24219,-0.060740089047671565
40590,0.10739041562826342
25779,-0.06359632899851574
25671,-0.09402435069949144
33060,0.12404829164324381
28209,0.12216395841541386
25385,-0.11016677349213362
26204,-0.20648568562941005
16680,0.07579331788278801
13308,0.12154560617791997
30656,0.12217357831556659
24296,-0.08417963218812541
33035,0.11982760762106687
40206,0.12217653081692548
19849,0.12363320757068101
12633,0.09515531471662357
24644,-0.14068966283405782
24363,-0.19402467748216168
25517,-0.0034614731494610786
25903,-0.14165078924019356
26968,-0.06462820644632492
27523,0.12403303058059847
28337,0.12205545894755307
27330,0.1183701602390289
31201,0.11923499193269957
37154,0.06894037502075231
27929,0.11787917488315079
23088,-0.011900177869020104
27136,-0.1601512032504256
24955,-0.24705826102310813
13479,0.1109975998214966
36756,-0.09720132219847309
36888,-0.1374494986807714
24324,-0.04078506700357139
20008,0.12604345426723668
40343,0.12124286032829477
37015,-0.061492244941990785
31678,0.1260741189986605
29945,0.12072364954843691
36831,-0.0581032001513608
13257,0.1221169112641634
28159,0.08479775963411698
24892,-0.1196053467221958
34604,0.028579906380238017
27626,0.12199968659332405
31665,0.04272128480526457
24101,-0.04897152394123754
27592,0.12312012321359117
28006,0.11893430712666572
22270,0.11839866321166
24442,-0.3043963365378737
30447,0.12347644742866859
14457,0.12219254377699945
26938,-0.0649714338436562
28058,0.12220247221416682
40483,0.12330074722661864
12921,0.10523932368177123
23242,0.028341564755283263
25039,-0.19466124825796588
17594,0.11606588340862246
27347,-0.0202197338561924
14279,0.115547644638507
25303,-0.09242619525690642
24065,-0.09011933620589674
22669,0.08942092653493251
25787,-0.11102607206056135
26964,-0.07690234507635546
31830,0.12252578389983919
36842,-0.025513375866104006
36631,-0.1308622355247077
19668,0.1181502019567701
33252,0.12052986846988231
23805,0.11388109578993506
23216,-0.09455560743766732
37018,-0.03334378866051014
33660,0.11524966451336845
1029,-0.185494091597285
33481,0.1228545921058893
27413,0.11744185791051519
36182,0.12543490463999918
20343,0.07709998023186806
33703,0.1246205168610011
29998,0.12180561240686523
37124,-0.24502940654616576
29487,0.11645618109221241
36479,-0.1755486322539226
36862,-0.646640484758542
26092,-0.03547867635574227
24517,-0.20715435161478027
22575,0.06111542267602605
37962,0.08146148633705481
36830,-0.12464537696060779
25620,-0.04422160509335295
24510,-0.04082021913070351
26467,-0.13225578104185154
25526,-0.040842744468863434
5199,-0.19007518107655996
27429,0.12208230198879154
30156,0.12154413179507405
24149,-0.0591027886673432
25568,-0.06286378153800487
17960,0.11779176089257544
27215,-0.04344136259554423
25653,-0.06319417162707329
12878,0.07740723784380481
25288,-0.0063818636211486444
25709,-0.06214415746164562
36793,-0.17372497382925886
26156,-0.3484142741602946
40345,0.12123253911500621
38067,0.008189690668507171
16197,0.11863744061380435
31561,0.11975037832588338
26462,0.006130556200524083
36563,-0.23719165082857377
25610,-0.09681150909013952
35438,0.12040193009135265
25886,-0.006411923011013876
27069,-0.021411426880563602
33163,0.12018141528631653
39810,0.040290398842078676
35814,0.02699240780547011
25576,-0.1161484912609952
20784,0.12399426395041946
34165,0.10928845324820416
30372,0.04611321920030286
33513,0.12211059674763372
37038,-0.08898917630430629
25454,-0.013303036555773657
20032,0.09381298532212554
31225,0.11577740490952242
40489,0.11963636398135634
24588,-0.04330671355932855
25266,-0.05201481755710756
28078,0.11883912523212509
13954,0.1121147113525927
40361,0.12328629148340632
29950,0.11673181980084144
40297,0.020399558917962867
25131,-0.14086441550547504
26118,-0.13939444394055872
25102,-0.08948139050483499
36697,-0.19964400715525193
22143,0.1197386464691333
25022,-0.04138597408445624
28294,0.12116238406215436
24595,-0.21735152920161507
24443,-0.22643328936489687
36648,-0.10340785525505078
39656,-0.019136612984272786
39417,-0.0011554395602759642
28191,0.09646709106046843
40170,0.12406822497222439
17698,0.08371918818055148
36327,0.11663851043186133
36225,0.1172769505781154
35121,0.12167754827993918
24224,-0.002474930497139108
31755,0.11923689859593617
37233,-0.20466448292691103
29756,0.09186797908064852
28129,0.11242924528369826
36996,-0.1287332519906226
15740,0.12266261851620669
37266,-0.05382491464825028
24032,0.032278712501343475
31666,0.11273395636759548
13236,0.1168161733746465
24097,0.02373804750095084
26691,-0.05550943382543629
25539,-0.026700321513062286
25631,-0.1380273686572197
27461,0.12052577441258908
34417,0.11285089742026183
31649,0.1183397704196637
17255,0.12448670035017947
26368,-0.022777372380772893
30436,0.11633336838857841
39704,-0.007646217484637581
20353,0.11403449783747834
35043,0.12633781024296026
28091,0.12350309905928936
40191,0.11764730637949435
36911,-0.27713275028772366
25117,-0.1296254188465852
37010,-0.12197160390552214
24388,-0.15528851120795018
37181,-0.17534804981521873
35126,0.11909920457109094
28070,0.118680056497181
39061,-0.26136820836434493
36870,-0.08836597189706732
31592,0.12240922660220369
27355,0.11893668065863142
32635,0.1220434286841521
21006,0.03864715428381539
31181,0.09777250573402156
6851,-0.16364363487698882
33052,0.1159071580842983
35119,0.11748816315041508
30435,0.1243942805116035
36535,-0.0444278602730056
25177,-0.017017840952356884
24051,0.030646139006193868
24408,-0.09941116554731107
33357,0.1251150495659954
30166,0.12083107118673447
13195,0.12048608734597156
23973,0.046556543978280476
25976,-0.023470418521247535
25855,-0.2735195935848851
25529,-0.06174139257668516
25342,-0.029112585775574608
39104,-0.13557978404670082
33145,0.11286444814068966
37187,-0.3423818222243122
27171,-0.117058593600992
40455,0.1109314302784236
24136,-0.015114842054171577
35848,0.11996112246340018
15728,0.11953614559453993
26372,-0.027655193993983123
21039,0.08676343094372477
28966,0.1198312278620451
25716,-0.12818382903203185
17253,0.12036127092856605
27073,-0.10719257516653412
4151,-0.2212281026071836
31159,0.1071556835228892
33176,0.12092131091130871
25181,-0.03507861652970216
23208,-0.06533334895436148
22181,0.09486443547650407
36992,-0.23198594223183444
28254,0.1255401390932155
36788,-0.21987094271677987
27905,0.12080128301583705
26020,-0.08998452946105398
35000,0.12282465077037613
36584,-0.16597577048614565
24825,-0.11926346667172899
28496,0.1222156452430508
27100,-0.01947905447726367
27509,0.12509385584377683
36876,-0.11891500056752981
20357,0.10254315907108144
26493,-0.05542375379647228
19860,0.05036222480308958
35142,0.1163124528768701
25740,-0.22311827955211075
39231,0.00016801681608794464
32636,0.12289778210882309
25565,-0.08285969510048621
31473,0.11270045504724102
37121,-0.08523785426028144
27940,0.12103729124906391
27535,0.11917098761735691
24282,0.015434154174683225
28767,0.11520873102598819
36791,-0.14222287369527528
37202,-0.35532630491421213
12897,0.07980252630691435
26347,-0.20021570914664416
36717,-0.18857642559019538
33486,0.12567659470867248
40565,0.09088891610155175
28965,0.12287632376225745
14166,0.11417296520845117
40224,0.09720511219966604
27116,-0.18916917903592395
14967,0.12316206308470279
24940,-0.20135516795888006
35163,0.12019549978052554
13317,0.11462126112657174
13530,0.11163560922638377
36471,0.12315573750602925
13521,0.12287053877292828
25880,-0.08036070243918758
27788,0.11963942320785274
33835,0.12329911370824002
26771,-0.05122108995648548
33265,0.032084521058383296
34838,0.12618406055339093
21990,0.11570506021944035
24332,0.013537033400226701
25364,-0.16236301837513054
27522,0.12228749217520625
36884,-0.413351275789505
19991,0.11895338578327251
28305,0.12015467558458842
26215,-0.12493657889471303
25304,-0.07306121826977624
31640,0.12058943729557453
36573,-0.09776771662318665
35562,0.12175812301073
36242,0.12237506957174549
33780,0.12514906810366488
26365,-0.12599122320096748
31007,0.11965697650916698
40190,0.11964463451783222
14103,0.10975868712995243
40393,0.1217767447955706
34197,0.11730404309037633
13280,0.10962439892139905
26522,-0.06049293093960237
16987,0.1126542292550553
32493,0.1234786162781643
39434,-0.3887248917121768
30847,0.11851041945980971
37237,-0.08265336411470434
28033,0.11928378412213264
12891,0.09899359838301153
26335,-0.20779692031074026
23966,0.11234612230817156
40605,0.033437518472380134
33506,0.12127425298318181
27207,0.007440287353053803
19913,0.09961106811734784
25155,-0.07202860559822778
34585,0.12185987241874126
39952,0.07402178126289019
17429,0.11490335905002205
35861,0.1252349674088335
37007,-0.16791583305199403
40027,0.0018658857692146426
37273,-0.07448860436559321
35227,0.11899384566613948
30463,0.0938444036507241
17614,0.12446003868806388
39030,0.03245913774112633
24046,-0.05588224316278752
26274,-0.06949080848109873
7022,-0.14610829846030998
23194,0.034900588542958834
27791,0.11758186815274566
25209,-0.08010760460024853
28842,0.12302751802725648
25492,-0.0992348775120461
31585,0.11472351192365979
39792,0.07560316601353156
40355,0.11018815711301075
11732,-0.23258973351537304
33193,0.12319814225080986
30058,0.12227479180029287
12955,0.1215976923594779
34387,0.11791976924453011
36975,-0.06277320139803062
36856,-0.16542397215109128
25263,-0.05717225304579753
25935,-0.032027465477268494
24055,-0.05479806453000692
24433,-0.2694545117949777
31701,0.06954505254000408
25017,-0.22804056680169615
24670,-0.18779234165663605
20400,0.10224186237655909
27063,-0.11820352489639849
19830,0.12064813243419009
23967,0.10323006589163135
34195,0.12008576382482292
26942,-0.006276521679101761
40102,0.11924453247186041
37112,-0.3090348740129144
13006,0.05723422115706768
40186,0.1045824624623251
36657,-0.25964334007061324
29799,0.1074040914569627
36619,-0.0995001520764661
25247,-0.29462150467620174
28945,0.12105301106954429
25315,-0.0764298509016851
20825,0.09789206044809369
25139,-0.05339722156667266
14047,0.11669260593413795
25522,-0.09150319730161448
27151,-0.08380019284055625
36047,0.12339366736349713
26015,-0.1996003844608236
24446,-0.10825866343361373
28950,-0.022869134123635577
12723,0.09748972808100743
28301,0.1165170417391409
40195,0.11943966591057421
26001,-0.1901555826175934
27108,-0.10164374359424304
19935,0.10382594176384044
39121,-0.23895570012511433
36572,-0.1617274262607732
29650,0.06844684972802421
40588,0.12549114682352736
27109,-0.028437434809745487
24655,-0.2216574186211979
36691,-0.08261510527428081
33782,0.12084744420784464
25494,-0.11341568104622855
38714,-0.3622180091988711
28093,0.12255662439325515
33931,0.1234718087645784
25351,0.019403671643314243
25426,0.011159748460489392
24473,-0.20180741194568483
40620,0.07275055262472557
17920,0.1232160630809467
29233,0.11898033417376229
25923,-0.1372736347887437
39482,0.0643917602616057
32243,0.11676625839228909
40146,0.12189707642152299
24230,-0.04582865963425764
35930,0.12370832019863444
16932,0.12057340395212211
33310,0.11862951901529337
39079,-0.27403918122788634
20268,0.11118770321072804
13961,0.11462882958990946
25433,-0.06057182703991629
13022,0.12048686940354587
28266,0.12341325985165243
40410,0.12338843165490375
25531,-0.030436604929945855
27527,0.12038379802773652
39124,-0.2639535273261019
39064,-0.035796678855531054
31182,0.12579396383715305
30771,0.12102076379101619
25954,-0.0452962424615823
33704,0.12148916287802344
25609,-0.018953209366826613
26350,-0.13491779093723388
34749,0.11611398410159957
25378,-0.07754022955785939
25148,-0.09687142121389344
24135,0.01864919373548101
31609,0.100717584089403
37164,-0.0321687607867814
37292,-0.16202535549060204
30776,0.08283085419509269
12890,0.08262927589758068
26390,-0.07899249803688191
29681,0.12228037284987509
29102,0.08397090660122747
28284,0.12468596088977231
23198,0.05697335883800979
29407,0.12179817514557081
24045,-0.03494690368308291
32551,0.11367039847003961
19841,0.115266582752689
34106,0.11647189251588412
35788,0.12215533254164394
26570,-0.1972598547493707
40046,-0.04944774737141289
25839,-0.12680848378127857
19909,0.12018219671649023
36609,-0.10497054276834357
30426,0.11961188445844131
25156,-0.0761657695433667
29368,0.12137331072786874
36630,-0.1926838931045066
24298,0.000638203226161966
30485,0.12206696590657212
24918,-0.1574002922010216
24731,-0.34171948170511607
33798,0.1230909373197566
35287,0.12484995047578418
31510,0.08071497238692901
34910,0.11949474241752939
13557,0.10622076487843843
36713,-0.3195364658811692
14577,0.11291323614452782
25500,-0.2075679926562052
30173,0.12117448589143798
17518,0.11713663105050286
6652,-0.2473612135488043
24207,-0.12328837506532254
36505,-0.34155797012218897
24632,-0.1105186598171791
17730,0.09453681964102928
31424,0.05723646596455629
40459,0.11849232596096057
40491,0.1224895591505305
20486,0.10472045212390607
24182,0.0048446422792530275
24225,0.008834657201236181
36492,-0.19486137034918743
40514,0.06715002131365631
34265,0.11397972874520017
27726,0.12447630190487809
33631,0.1246293550648246
35118,0.12553729812109135
26262,-0.1351353440979291
27530,0.12389454498111901
20355,0.0434133688269486
37268,-0.16768351983773153
34207,0.12061113716044587
30466,0.11811742310523515
24263,-0.07883022963775003
39057,-0.374401588473477
40344,0.12327732340873024
37006,-0.2801932884331625
40299,0.08884421801893953
30980,0.12245789422835149
19824,0.12008760008785942
36855,-0.17633966278445873
27225,-0.06270246942083284
33025,0.12134576959588429
30570,0.1261733161164107
40457,0.12382936609073056
31641,0.11030839108134999
16154,0.11869929417128829
40291,0.10522934830993708
24873,-0.1756888445703563
28063,0.11781553363277884
31643,0.12156196860704216
38745,-0.03864969651170739
25866,-0.1477555115524856
26011,-0.0459104622132401
40295,0.08716100994930946
23461,0.04085528170288183
40055,-0.045271137182935024
36917,-0.10209786177576465
25750,-0.16709682221247613
35491,0.11768358771055544
29396,0.12578942921466194
25319,-0.07009707406815978
26221,-0.12585036285023773
34151,0.11943605476757907
36860,-0.14379639069884675
36533,-0.0804341232848354
26371,-0.039486755631644284
24214,-0.01018101741354475
27192,-0.05718918639757788
13166,0.10184968556240433
31593,0.12322513877341101
39311,-0.17533319539937275
27014,-0.1992752515327672
3719,-0.11106492952265974
36813,-0.06309453480614978
14463,0.11927339355310096
17254,0.12137254368302484
25270,-0.0076798641037468295
27034,-0.07698593758742972
26344,-0.09811979372251403
40450,0.08091226048427036
14655,0.11993895806012761
24030,0.014552442660071028
33659,0.12066751152280698
27087,-0.48865736835725065
35679,0.12603194625386294
37410,0.023126674435068745
26463,-0.05005313036739265
26238,-0.054901181190868564
40289,0.08801491476162199
31642,0.11501967313813298
37173,-0.2687043670072824
29595,0.12441655962261929
37184,0.06049598124738186
24937,-0.28967350286905025
40271,0.07209334792279595
27863,0.11587374197713209
40403,0.12418858441957069
36524,-0.07288286677189751
29736,0.12643349974981336
37183,-0.17300773789241644
36607,-0.03833896633399149
40108,0.12187282759544046
17574,0.1021422435187682
26151,-0.09082567321928156
5837,-0.21682311916975974
27612,0.12020782391775957
13835,0.12088783718866791
25516,-0.004497964985364629
32776,0.1251251926564171
26013,-0.1882005145024868
26127,-0.08559530353712788
24293,0.06771555640232715
26062,-0.08400552809161108
26163,-0.17918309007604985
34396,0.11498703283909215
35681,0.1130854949508173
36703,-0.24559163711076293
30552,0.11838434473838427
27699,0.12084753396140639
37152,-0.11418459417747129
19928,0.12063055829142279
36742,-0.12910371537085796
24436,-0.21466438460554524
25284,-0.0674519828050566
39054,-0.23137016875687538
39692,-0.0023604294469515828
36496,-0.14237576678030991
29893,0.12116019226222983
25885,-0.04703731582373687
26187,-0.16931968642404868
40209,0.1214707819139338
12989,0.1130090089860656
31935,0.12265538504690432
33581,0.12348835991037926
19619,0.1020267747281129
25882,-0.06390901998877624
40231,0.12308192897714407
22885,0.1129365542537541
24582,-0.2539203562873809
39672,-0.051806476845242255
24896,-0.3812232599113403
24206,-0.08301137341571461
39066,-0.1795546039431148
40332,0.12430740643071868
23219,0.02636213431365012
39466,0.068314449433461
36654,-0.12768198857220034
33675,0.12153713523566242
30712,0.12456959463447921
25848,-0.1494734351500738
31000,0.12336748532233223
22132,0.11537780043949443
36766,-0.12207199562268597
25317,-0.03658712433435737
2791,-0.14771139751923007
27088,-0.1792364678589839
36148,0.11616239066770971
19829,0.11541285860846619
37079,-0.1593855099345047
23115,-0.0930302182793862
29488,0.11602047075537007
25786,-0.14981680076365977
12581,-0.12326760506012202
25297,-0.07871778936964967
24331,-0.0058721338517141695
26038,-0.22171643922723544
24449,-0.14558488507624295
24658,-0.2360670451182758
37492,0.09553606061173886
14061,0.11879119401274618
24273,0.04226861464877
39469,-0.19093436594338825
40513,0.022523726543621062
23998,-0.031587609939140095
28054,0.1228202765370617
24454,-0.18045207755040513
35169,0.1279953272698736
31414,0.11892558471113393
26776,-0.18484652527398546
28418,0.11300313474403281
37041,-0.024287372044266627
34264,0.11786602342181841
19743,0.12253692677314418
40288,0.0768683610760924
38822,-0.16521902577006123
26501,-0.12701797339432597
40472,0.11528438399112956
24824,-0.16592360775998483
36562,-0.15592801789397895
34384,0.04260508761654137
27678,0.12071019452773736
26136,-0.08709705132664655
26050,-0.1797125739547664
24059,-0.09363420200887883
36216,0.057365828482252954
25028,0.022621495782720075
18752,0.11717486672469371
16230,0.12063794280501909
33061,0.12149529748165962
36695,-0.2400741015855457
34385,0.11687702947058982
33501,0.11920106085005445
27112,-0.05269505524146534
25355,0.02103096862753281
36523,-0.0041341127559134175
40188,0.046188568969476006
24311,-0.06079590064913881
15573,0.11507636164485815
26166,-0.25147171303450516
24382,-0.1188331975284121
37066,-0.24160197918266604
22061,0.10728720490789706
40205,0.12047970793793217
25057,-0.1271803418605167
36628,-0.06847529780670812
26366,-0.10892069288923752
40104,0.11654858507098767
3717,-0.11434365756874255
26346,-0.049291524507537536
30130,0.11528004311504728
27928,0.1188847319522128
25997,-0.09081813067934102
17295,0.12254220606309559
25484,-0.1459833346700383
19326,0.06168581579638556
5308,-0.2450499837816365
32410,0.11915201647598135
25344,-0.012377181684637407
26014,-0.10935570679967993
28991,0.12113409511777157
40194,0.12273444355984658
25626,-0.08755965409118667
39662,-0.16962110178530365
34473,0.11794973598737085
21946,0.050443619279807166
25973,-0.02682030702121657
40469,0.11856542869422307
24434,-0.3172266294603364
31554,0.1266805173283305
31125,0.11881225039902348
35648,0.12201562068616825
28044,0.1173264730184024
33614,0.10010589503705553
24603,-0.18941528725905812
37221,-0.15960445136840043
40484,0.12320563299414602
19779,0.11940030859976444
31341,0.11656607545307358
23963,0.11957057150564354
29513,0.11526093661574204
34386,0.1121899653669999
34687,0.08818643709365157
26034,-0.032425164981078274
26190,-0.1587404825600939
34612,0.11626706327291682
33326,0.12086084904453369
31718,0.11206605799926761
34888,0.11854703219853219
25574,-0.09416180575611838
27127,-0.0475305373956115
36542,-0.03669311115868763
39264,0.03695571284976955
27076,-0.01376447360706711
34284,0.11286513936079746
